dataset,arch,seed,remove_dom,debias,compression_rate,nb_dims_pca,disable_dp,sigma,max_per_sample_grad_norm,step,fraction,fraction_mean
mnist,ResNet8GN_w16_g8,5,False,True,1,200,False,1.0,1.0,2,0.9856974482536316,0.9826021194458008
mnist,ResNet8GN_w16_g8,5,False,True,1,200,False,1.0,1.0,3,0.9859145283699036,0.9826076626777649
mnist,ResNet8GN_w16_g8,5,False,True,1,200,False,1.0,1.0,4,0.9874303340911865,0.9755939841270447
mnist,ResNet8GN_w16_g8,5,False,True,1,200,False,1.0,1.0,5,0.9866393804550171,0.918639063835144
mnist,ResNet8GN_w16_g8,5,False,True,1,200,False,1.0,1.0,6,0.9864476919174194,0.9816296100616455
mnist,ResNet8GN_w16_g8,5,False,True,1,200,False,1.0,1.0,7,0.9870842099189758,0.9726673364639282
mnist,ResNet8GN_w16_g8,5,False,True,1,200,False,1.0,1.0,8,0.9872782230377197,0.9822645783424377
mnist,ResNet8GN_w16_g8,5,False,True,1,200,False,1.0,1.0,9,0.986335277557373,0.9797526001930237
mnist,ResNet8GN_w16_g8,5,False,True,1,200,False,1.0,1.0,10,0.9850688576698303,0.9663611054420471
mnist,ResNet8GN_w16_g8,5,False,True,1,200,False,1.0,1.0,11,0.9831157326698303,0.9644356966018677
mnist,ResNet8GN_w16_g8,5,False,True,1,200,False,1.0,1.0,12,0.9829567670822144,0.9639565348625183
mnist,ResNet8GN_w16_g8,5,False,True,1,200,False,1.0,1.0,13,0.9829640984535217,0.9612549543380737
mnist,ResNet8GN_w16_g8,5,False,True,1,200,False,1.0,1.0,14,0.9823203086853027,0.9409113526344299
mnist,ResNet8GN_w16_g8,5,False,True,1,200,False,1.0,1.0,15,0.9830960035324097,0.9630532264709473
mnist,ResNet8GN_w16_g8,5,False,True,1,200,False,1.0,1.0,16,0.9837392568588257,0.9314166307449341
mnist,ResNet8GN_w16_g8,5,False,True,1,200,False,1.0,1.0,17,0.9837703704833984,0.852484941482544
mnist,ResNet8GN_w16_g8,5,False,True,1,200,False,1.0,1.0,18,0.9834693670272827,0.9674752354621887
mnist,ResNet8GN_w16_g8,5,False,True,1,200,False,1.0,1.0,19,0.9828264713287354,0.9233682751655579
mnist,ResNet8GN_w16_g8,5,False,True,1,200,False,1.0,1.0,20,0.9811164140701294,0.9121978878974915
mnist,ResNet8GN_w16_g8,5,False,True,1,200,False,1.0,1.0,21,0.9789505004882812,0.9051145315170288
mnist,ResNet8GN_w16_g8,5,False,True,1,200,False,1.0,1.0,22,0.9783700108528137,0.9356767535209656
mnist,ResNet8GN_w16_g8,5,False,True,1,200,False,1.0,1.0,23,0.9791970252990723,0.8915932774543762
mnist,ResNet8GN_w16_g8,5,False,True,1,200,False,1.0,1.0,24,0.9764847159385681,0.9034937024116516
mnist,ResNet8GN_w16_g8,5,False,True,1,200,False,1.0,1.0,25,0.9744897484779358,0.881615161895752
mnist,ResNet8GN_w16_g8,5,False,True,1,200,False,1.0,1.0,26,0.9732486009597778,0.8795616030693054
mnist,ResNet8GN_w16_g8,5,False,True,1,200,False,1.0,1.0,27,0.972653865814209,0.8816354870796204
mnist,ResNet8GN_w16_g8,5,False,True,1,200,False,1.0,1.0,28,0.9719712734222412,0.8818168044090271
mnist,ResNet8GN_w16_g8,5,False,True,1,200,False,1.0,1.0,29,0.9715831875801086,0.8691464066505432
mnist,ResNet8GN_w16_g8,5,False,True,1,200,False,1.0,1.0,30,0.971520185470581,0.7886102199554443
mnist,ResNet8GN_w16_g8,5,False,True,1,200,False,1.0,1.0,31,0.9737138748168945,0.9904605746269226
mnist,ResNet8GN_w16_g8,5,False,True,1,200,False,1.0,1.0,32,0.9735074043273926,0.9409644603729248
mnist,ResNet8GN_w16_g8,5,False,True,1,200,False,1.0,1.0,33,0.9718253016471863,0.9592785835266113
mnist,ResNet8GN_w16_g8,5,False,True,1,200,False,1.0,1.0,34,0.9744731187820435,0.8450495004653931
mnist,ResNet8GN_w16_g8,5,False,True,1,200,False,1.0,1.0,35,0.9768946170806885,0.9518378376960754
mnist,ResNet8GN_w16_g8,5,False,True,1,200,False,1.0,1.0,36,0.9789152145385742,0.9898744821548462
mnist,ResNet8GN_w16_g8,5,False,True,1,200,False,1.0,1.0,37,0.9767407178878784,0.9912664890289307
mnist,ResNet8GN_w16_g8,5,False,True,1,200,False,1.0,1.0,38,0.9776028990745544,0.859047532081604
mnist,ResNet8GN_w16_g8,5,False,True,1,200,False,1.0,1.0,39,0.9797553420066833,0.8939746618270874
mnist,ResNet8GN_w16_g8,5,False,True,1,200,False,1.0,1.0,40,0.9797639846801758,0.9879546165466309
mnist,ResNet8GN_w16_g8,5,False,True,1,200,False,1.0,1.0,41,0.9795385599136353,0.9893316626548767
mnist,ResNet8GN_w16_g8,5,False,True,1,200,False,1.0,1.0,42,0.9801241755485535,0.8728387951850891
mnist,ResNet8GN_w16_g8,5,False,True,1,200,False,1.0,1.0,43,0.9803854823112488,0.9743701219558716
mnist,ResNet8GN_w16_g8,5,False,True,1,200,False,1.0,1.0,44,0.9803576469421387,0.9577230215072632
mnist,ResNet8GN_w16_g8,5,False,True,1,200,False,1.0,1.0,45,0.9799784421920776,0.997073769569397
mnist,ResNet8GN_w16_g8,5,False,True,1,200,False,1.0,1.0,46,0.9804191589355469,0.996470034122467
mnist,ResNet8GN_w16_g8,5,False,True,1,200,False,1.0,1.0,47,0.9808265566825867,0.9967755675315857
mnist,ResNet8GN_w16_g8,5,False,True,1,200,False,1.0,1.0,48,0.9791483879089355,0.998988151550293
mnist,ResNet8GN_w16_g8,5,False,True,1,200,False,1.0,1.0,49,0.981177568435669,0.9956511855125427
mnist,ResNet8GN_w16_g8,5,False,True,1,200,False,1.0,1.0,50,0.9819509387016296,0.9965764284133911
mnist,ResNet8GN_w16_g8,5,False,True,1,200,False,1.0,1.0,51,0.9822803139686584,0.997146487236023
mnist,ResNet8GN_w16_g8,5,False,True,1,200,False,1.0,1.0,52,0.9824439883232117,0.990399181842804
mnist,ResNet8GN_w16_g8,5,False,True,1,200,False,1.0,1.0,53,0.9816604256629944,0.9890276193618774
mnist,ResNet8GN_w16_g8,5,False,True,1,200,False,1.0,1.0,54,0.9803098440170288,0.9982388019561768
mnist,ResNet8GN_w16_g8,5,False,True,1,200,False,1.0,1.0,55,0.9769696593284607,0.9928144216537476
mnist,ResNet8GN_w16_g8,5,False,True,1,200,False,1.0,1.0,56,0.9825613498687744,0.9964843988418579
mnist,ResNet8GN_w16_g8,5,False,True,1,200,False,1.0,1.0,57,0.9819433689117432,0.9919769167900085
mnist,ResNet8GN_w16_g8,5,False,True,1,200,False,1.0,1.0,58,0.9761582016944885,0.9963151216506958
mnist,ResNet8GN_w16_g8,5,False,True,1,200,False,1.0,1.0,59,0.9822374582290649,0.997319221496582
mnist,ResNet8GN_w16_g8,5,False,True,1,200,False,1.0,1.0,60,0.9808765053749084,0.9869587421417236
mnist,ResNet8GN_w16_g8,5,False,True,1,200,False,1.0,1.0,61,0.98204505443573,0.9983351826667786
mnist,ResNet8GN_w16_g8,5,False,True,1,200,False,1.0,1.0,62,0.9823794960975647,0.9905619621276855
mnist,ResNet8GN_w16_g8,5,False,True,1,200,False,1.0,1.0,63,0.9834601879119873,0.9969443082809448
mnist,ResNet8GN_w16_g8,5,False,True,1,200,False,1.0,1.0,64,0.983292818069458,0.9913806915283203
mnist,ResNet8GN_w16_g8,5,False,True,1,200,False,1.0,1.0,65,0.9855117797851562,0.9880046844482422
mnist,ResNet8GN_w16_g8,5,False,True,1,200,False,1.0,1.0,66,0.9855047464370728,0.996628999710083
mnist,ResNet8GN_w16_g8,5,False,True,1,200,False,1.0,1.0,67,0.9861135482788086,0.9672971963882446
mnist,ResNet8GN_w16_g8,5,False,True,1,200,False,1.0,1.0,68,0.9845370054244995,0.9889907240867615
mnist,ResNet8GN_w16_g8,5,False,True,1,200,False,1.0,1.0,69,0.9848308563232422,0.9946181774139404
mnist,ResNet8GN_w16_g8,5,False,True,1,200,False,1.0,1.0,70,0.983737587928772,0.9936808943748474
mnist,ResNet8GN_w16_g8,5,False,True,1,200,False,1.0,1.0,71,0.9838647842407227,0.9966571927070618
mnist,ResNet8GN_w16_g8,5,False,True,1,200,False,1.0,1.0,72,0.984761118888855,0.9966065287590027
mnist,ResNet8GN_w16_g8,5,False,True,1,200,False,1.0,1.0,73,0.9841576814651489,0.9939723014831543
mnist,ResNet8GN_w16_g8,5,False,True,1,200,False,1.0,1.0,74,0.9833550453186035,0.9812363982200623
mnist,ResNet8GN_w16_g8,5,False,True,1,200,False,1.0,1.0,75,0.9840686917304993,0.9976130723953247
mnist,ResNet8GN_w16_g8,5,False,True,1,200,False,1.0,1.0,76,0.9856390357017517,0.9968357086181641
mnist,ResNet8GN_w16_g8,5,False,True,1,200,False,1.0,1.0,77,0.9851666688919067,0.9456758499145508
mnist,ResNet8GN_w16_g8,5,False,True,1,200,False,1.0,1.0,78,0.9856424331665039,0.9893175959587097
mnist,ResNet8GN_w16_g8,5,False,True,1,200,False,1.0,1.0,79,0.9846695065498352,0.9922760128974915
mnist,ResNet8GN_w16_g8,5,False,True,1,200,False,1.0,1.0,80,0.9844422340393066,0.967448890209198
mnist,ResNet8GN_w16_g8,5,False,True,1,200,False,1.0,1.0,81,0.9859981536865234,0.9954866766929626
mnist,ResNet8GN_w16_g8,5,False,True,1,200,False,1.0,1.0,82,0.9851147532463074,0.9267241954803467
mnist,ResNet8GN_w16_g8,5,False,True,1,200,False,1.0,1.0,83,0.9829283952713013,0.9878491163253784
mnist,ResNet8GN_w16_g8,5,False,True,1,200,False,1.0,1.0,84,0.9835585355758667,0.9362718462944031
mnist,ResNet8GN_w16_g8,5,False,True,1,200,False,1.0,1.0,85,0.9845813512802124,0.9794509410858154
mnist,ResNet8GN_w16_g8,5,False,True,1,200,False,1.0,1.0,86,0.984704852104187,0.9757151007652283
mnist,ResNet8GN_w16_g8,5,False,True,1,200,False,1.0,1.0,87,0.9840468168258667,0.9506748914718628
mnist,ResNet8GN_w16_g8,5,False,True,1,200,False,1.0,1.0,88,0.985094428062439,0.9885656833648682
mnist,ResNet8GN_w16_g8,5,False,True,1,200,False,1.0,1.0,89,0.9846799969673157,0.9979162216186523
mnist,ResNet8GN_w16_g8,5,False,True,1,200,False,1.0,1.0,90,0.9844264984130859,0.9961515665054321
mnist,ResNet8GN_w16_g8,5,False,True,1,200,False,1.0,1.0,91,0.9856690168380737,0.9943432211875916
mnist,ResNet8GN_w16_g8,5,False,True,1,200,False,1.0,1.0,92,0.9833794832229614,0.9972766041755676
mnist,ResNet8GN_w16_g8,5,False,True,1,200,False,1.0,1.0,93,0.9846915006637573,0.9937475919723511
mnist,ResNet8GN_w16_g8,5,False,True,1,200,False,1.0,1.0,94,0.9843074083328247,0.9950932860374451
mnist,ResNet8GN_w16_g8,5,False,True,1,200,False,1.0,1.0,95,0.9831880331039429,0.998248815536499
mnist,ResNet8GN_w16_g8,5,False,True,1,200,False,1.0,1.0,96,0.9847095012664795,0.9503503441810608
mnist,ResNet8GN_w16_g8,5,False,True,1,200,False,1.0,1.0,97,0.9854651093482971,0.9971771240234375
mnist,ResNet8GN_w16_g8,5,False,True,1,200,False,1.0,1.0,98,0.9853995442390442,0.9845568537712097
mnist,ResNet8GN_w16_g8,5,False,True,1,200,False,1.0,1.0,99,0.9846521615982056,0.997864842414856
mnist,ResNet8GN_w16_g8,5,False,True,1,200,False,1.0,1.0,100,0.9848754405975342,0.9987483620643616
mnist,ResNet8GN_w16_g8,5,False,True,1,200,False,1.0,1.0,101,0.9856367111206055,0.9936610460281372
mnist,ResNet8GN_w16_g8,5,False,True,1,200,False,1.0,1.0,102,0.9857720136642456,0.998477041721344
mnist,ResNet8GN_w16_g8,5,False,True,1,200,False,1.0,1.0,103,0.9855918884277344,0.9899752736091614
mnist,ResNet8GN_w16_g8,5,False,True,1,200,False,1.0,1.0,104,0.9838875532150269,0.9991188645362854
mnist,ResNet8GN_w16_g8,5,False,True,1,200,False,1.0,1.0,105,0.9850879907608032,0.9965757131576538
mnist,ResNet8GN_w16_g8,5,False,True,1,200,False,1.0,1.0,106,0.986703634262085,0.9992029070854187
mnist,ResNet8GN_w16_g8,5,False,True,1,200,False,1.0,1.0,107,0.9855972528457642,0.9980162382125854
mnist,ResNet8GN_w16_g8,5,False,True,1,200,False,1.0,1.0,108,0.9822403192520142,0.9988160729408264
mnist,ResNet8GN_w16_g8,5,False,True,1,200,False,1.0,1.0,109,0.9846007823944092,0.9984365105628967
mnist,ResNet8GN_w16_g8,5,False,True,1,200,False,1.0,1.0,110,0.9857273101806641,0.9986713528633118
mnist,ResNet8GN_w16_g8,5,False,True,1,200,False,1.0,1.0,111,0.9863812327384949,0.9990316033363342
mnist,ResNet8GN_w16_g8,5,False,True,1,200,False,1.0,1.0,112,0.9840652346611023,0.997290849685669
mnist,ResNet8GN_w16_g8,5,False,True,1,200,False,1.0,1.0,113,0.9839181900024414,0.9987717270851135
mnist,ResNet8GN_w16_g8,5,False,True,1,200,False,1.0,1.0,114,0.9833224415779114,0.995413601398468
mnist,ResNet8GN_w16_g8,5,False,True,1,200,False,1.0,1.0,115,0.9862825274467468,0.9987100958824158
mnist,ResNet8GN_w16_g8,5,False,True,1,200,False,1.0,1.0,116,0.9854494333267212,0.9984257817268372
mnist,ResNet8GN_w16_g8,5,False,True,1,200,False,1.0,1.0,117,0.9844256639480591,0.9652189016342163
mnist,ResNet8GN_w16_g8,5,False,True,1,200,False,1.0,1.0,118,0.9827247858047485,0.9987123012542725
mnist,ResNet8GN_w16_g8,5,False,True,1,200,False,1.0,1.0,119,0.9832845330238342,0.9940101504325867
mnist,ResNet8GN_w16_g8,5,False,True,1,200,False,1.0,1.0,120,0.985136091709137,0.9970770478248596
mnist,ResNet8GN_w16_g8,5,False,True,1,200,False,1.0,1.0,121,0.9853559732437134,0.9980711340904236
mnist,ResNet8GN_w16_g8,5,False,True,1,200,False,1.0,1.0,122,0.9855893850326538,0.9971802830696106
mnist,ResNet8GN_w16_g8,5,False,True,1,200,False,1.0,1.0,123,0.9838298559188843,0.9966188669204712
mnist,ResNet8GN_w16_g8,5,False,True,1,200,False,1.0,1.0,124,0.9835844039916992,0.9984951019287109
mnist,ResNet8GN_w16_g8,5,False,True,1,200,False,1.0,1.0,125,0.9843000769615173,0.9955071806907654
mnist,ResNet8GN_w16_g8,5,False,True,1,200,False,1.0,1.0,126,0.9831268787384033,0.9977455735206604
mnist,ResNet8GN_w16_g8,5,False,True,1,200,False,1.0,1.0,127,0.984597384929657,0.9838687181472778
mnist,ResNet8GN_w16_g8,5,False,True,1,200,False,1.0,1.0,128,0.9840129613876343,0.995924711227417
mnist,ResNet8GN_w16_g8,5,False,True,1,200,False,1.0,1.0,129,0.9837521314620972,0.9961673617362976
mnist,ResNet8GN_w16_g8,5,False,True,1,200,False,1.0,1.0,130,0.9850232601165771,0.9899420142173767
mnist,ResNet8GN_w16_g8,5,False,True,1,200,False,1.0,1.0,131,0.9853348135948181,0.9965553283691406
mnist,ResNet8GN_w16_g8,5,False,True,1,200,False,1.0,1.0,132,0.9855625629425049,0.9973666667938232
mnist,ResNet8GN_w16_g8,5,False,True,1,200,False,1.0,1.0,133,0.9824119806289673,0.9978771805763245
mnist,ResNet8GN_w16_g8,5,False,True,1,200,False,1.0,1.0,134,0.9832859039306641,0.9972007870674133
mnist,ResNet8GN_w16_g8,5,False,True,1,200,False,1.0,1.0,135,0.9851595163345337,0.9962813854217529
mnist,ResNet8GN_w16_g8,5,False,True,1,200,False,1.0,1.0,136,0.9862106442451477,0.9988704919815063
mnist,ResNet8GN_w16_g8,5,False,True,1,200,False,1.0,1.0,137,0.9834804534912109,0.9920937418937683
mnist,ResNet8GN_w16_g8,5,False,True,1,200,False,1.0,1.0,138,0.9833393692970276,0.998589813709259
mnist,ResNet8GN_w16_g8,5,False,True,1,200,False,1.0,1.0,139,0.9848960041999817,0.9967166185379028
mnist,ResNet8GN_w16_g8,5,False,True,1,200,False,1.0,1.0,140,0.9841628074645996,0.9975424408912659
mnist,ResNet8GN_w16_g8,5,False,True,1,200,False,1.0,1.0,141,0.9845964908599854,0.9972395896911621
mnist,ResNet8GN_w16_g8,5,False,True,1,200,False,1.0,1.0,142,0.9833495616912842,0.9930242300033569
mnist,ResNet8GN_w16_g8,5,False,True,1,200,False,1.0,1.0,143,0.9820969700813293,0.9979640245437622
mnist,ResNet8GN_w16_g8,5,False,True,1,200,False,1.0,1.0,144,0.9830622673034668,0.9948962926864624
mnist,ResNet8GN_w16_g8,5,False,True,1,200,False,1.0,1.0,145,0.9841426610946655,0.9934027194976807
mnist,ResNet8GN_w16_g8,5,False,True,1,200,False,1.0,1.0,146,0.9844703674316406,0.9976171255111694
mnist,ResNet8GN_w16_g8,5,False,True,1,200,False,1.0,1.0,147,0.9846189022064209,0.998492419719696
mnist,ResNet8GN_w16_g8,5,False,True,1,200,False,1.0,1.0,148,0.9831310510635376,0.9967958331108093
mnist,ResNet8GN_w16_g8,5,False,True,1,200,False,1.0,1.0,149,0.9826353788375854,0.9988275766372681
mnist,ResNet8GN_w16_g8,5,False,True,1,200,False,1.0,1.0,150,0.9845016598701477,0.997491717338562
mnist,ResNet8GN_w16_g8,5,False,True,1,200,False,1.0,1.0,151,0.9837615489959717,0.9988276958465576
mnist,ResNet8GN_w16_g8,5,False,True,1,200,False,1.0,1.0,152,0.9819830060005188,0.9958813786506653
mnist,ResNet8GN_w16_g8,5,False,True,1,200,False,1.0,1.0,153,0.9794064164161682,0.9980705976486206
mnist,ResNet8GN_w16_g8,5,False,True,1,200,False,1.0,1.0,154,0.9825307130813599,0.9987164735794067
mnist,ResNet8GN_w16_g8,5,False,True,1,200,False,1.0,1.0,155,0.9841285347938538,0.9986357688903809
mnist,ResNet8GN_w16_g8,5,False,True,1,200,False,1.0,1.0,156,0.9850271940231323,0.9975457191467285
mnist,ResNet8GN_w16_g8,5,False,True,1,200,False,1.0,1.0,157,0.986954927444458,0.998910665512085
mnist,ResNet8GN_w16_g8,5,False,True,1,200,False,1.0,1.0,158,0.9828548431396484,0.9946337938308716
mnist,ResNet8GN_w16_g8,5,False,True,1,200,False,1.0,1.0,159,0.9815309047698975,0.9991253018379211
mnist,ResNet8GN_w16_g8,5,False,True,1,200,False,1.0,1.0,160,0.981823742389679,0.995878279209137
mnist,ResNet8GN_w16_g8,5,False,True,1,200,False,1.0,1.0,161,0.9828662872314453,0.9988999962806702
mnist,ResNet8GN_w16_g8,5,False,True,1,200,False,1.0,1.0,162,0.9829551577568054,0.9991540908813477
mnist,ResNet8GN_w16_g8,5,False,True,1,200,False,1.0,1.0,163,0.9800142049789429,0.9986090064048767
mnist,ResNet8GN_w16_g8,5,False,True,1,200,False,1.0,1.0,164,0.9776347875595093,0.9985480308532715
mnist,ResNet8GN_w16_g8,5,False,True,1,200,False,1.0,1.0,165,0.980536699295044,0.9983415603637695
mnist,ResNet8GN_w16_g8,5,False,True,1,200,False,1.0,1.0,166,0.9822945594787598,0.9982202649116516
mnist,ResNet8GN_w16_g8,5,False,True,1,200,False,1.0,1.0,167,0.983733057975769,0.9989603161811829
mnist,ResNet8GN_w16_g8,5,False,True,1,200,False,1.0,1.0,168,0.981170654296875,0.9852310419082642
mnist,ResNet8GN_w16_g8,5,False,True,1,200,False,1.0,1.0,169,0.9822800755500793,0.9985127449035645
mnist,ResNet8GN_w16_g8,5,False,True,1,200,False,1.0,1.0,170,0.9820466041564941,0.9985973238945007
mnist,ResNet8GN_w16_g8,5,False,True,1,200,False,1.0,1.0,171,0.9828473329544067,0.995613694190979
mnist,ResNet8GN_w16_g8,5,False,True,1,200,False,1.0,1.0,172,0.9841678142547607,0.999159038066864
mnist,ResNet8GN_w16_g8,5,False,True,1,200,False,1.0,1.0,173,0.9829216599464417,0.9936085343360901
mnist,ResNet8GN_w16_g8,5,False,True,1,200,False,1.0,1.0,174,0.9813549518585205,0.9980937838554382
mnist,ResNet8GN_w16_g8,5,False,True,1,200,False,1.0,1.0,175,0.9821821451187134,0.998779296875
mnist,ResNet8GN_w16_g8,5,False,True,1,200,False,1.0,1.0,176,0.9819162487983704,0.9878592491149902
mnist,ResNet8GN_w16_g8,5,False,True,1,200,False,1.0,1.0,177,0.9822067022323608,0.9989705681800842
mnist,ResNet8GN_w16_g8,5,False,True,1,200,False,1.0,1.0,178,0.9803310036659241,0.9977805018424988
mnist,ResNet8GN_w16_g8,5,False,True,1,200,False,1.0,1.0,179,0.9776480197906494,0.997706413269043
mnist,ResNet8GN_w16_g8,5,False,True,1,200,False,1.0,1.0,180,0.9790115356445312,0.9984725117683411
mnist,ResNet8GN_w16_g8,5,False,True,1,200,False,1.0,1.0,181,0.9794356822967529,0.995460569858551
mnist,ResNet8GN_w16_g8,5,False,True,1,200,False,1.0,1.0,182,0.981999397277832,0.9982717633247375
mnist,ResNet8GN_w16_g8,5,False,True,1,200,False,1.0,1.0,183,0.9822460412979126,0.9982889294624329
mnist,ResNet8GN_w16_g8,5,False,True,1,200,False,1.0,1.0,184,0.9818101525306702,0.9924086332321167
mnist,ResNet8GN_w16_g8,5,False,True,1,200,False,1.0,1.0,185,0.9815395474433899,0.9962902665138245
mnist,ResNet8GN_w16_g8,5,False,True,1,200,False,1.0,1.0,186,0.9824532270431519,0.9981959462165833
mnist,ResNet8GN_w16_g8,5,False,True,1,200,False,1.0,1.0,187,0.98237144947052,0.992428719997406
mnist,ResNet8GN_w16_g8,5,False,True,1,200,False,1.0,1.0,188,0.9817573428153992,0.9981769919395447
mnist,ResNet8GN_w16_g8,5,False,True,1,200,False,1.0,1.0,189,0.9813498258590698,0.9987605810165405
mnist,ResNet8GN_w16_g8,5,False,True,1,200,False,1.0,1.0,190,0.9774761199951172,0.995566725730896
mnist,ResNet8GN_w16_g8,5,False,True,1,200,False,1.0,1.0,191,0.9778091907501221,0.9982735514640808
mnist,ResNet8GN_w16_g8,5,False,True,1,200,False,1.0,1.0,192,0.9776978492736816,0.9953170418739319
mnist,ResNet8GN_w16_g8,5,False,True,1,200,False,1.0,1.0,193,0.9818532466888428,0.9949468374252319
mnist,ResNet8GN_w16_g8,5,False,True,1,200,False,1.0,1.0,194,0.9820683598518372,0.9981732368469238
mnist,ResNet8GN_w16_g8,5,False,True,1,200,False,1.0,1.0,195,0.9818481802940369,0.9927316308021545
mnist,ResNet8GN_w16_g8,5,False,True,1,200,False,1.0,1.0,196,0.9818558096885681,0.9871622920036316
mnist,ResNet8GN_w16_g8,5,False,True,1,200,False,1.0,1.0,197,0.9822992086410522,0.9944161772727966
mnist,ResNet8GN_w16_g8,5,False,True,1,200,False,1.0,1.0,198,0.9803630113601685,0.997570276260376
mnist,ResNet8GN_w16_g8,5,False,True,1,200,False,1.0,1.0,199,0.9796368479728699,0.9914037585258484
mnist,ResNet8GN_w16_g8,5,False,True,1,200,False,1.0,1.0,200,0.9783432483673096,0.997394859790802
mnist,ResNet8GN_w16_g8,5,False,True,1,200,False,1.0,1.0,201,0.9790739417076111,0.9983936548233032
mnist,ResNet8GN_w16_g8,5,False,True,1,200,False,1.0,1.0,202,0.979343831539154,0.9950689077377319
mnist,ResNet8GN_w16_g8,5,False,True,1,200,False,1.0,1.0,203,0.9805934429168701,0.9989914894104004
mnist,ResNet8GN_w16_g8,5,False,True,1,200,False,1.0,1.0,204,0.9803189635276794,0.9959564805030823
mnist,ResNet8GN_w16_g8,5,False,True,1,200,False,1.0,1.0,205,0.9834449887275696,0.9990029335021973
mnist,ResNet8GN_w16_g8,5,False,True,1,200,False,1.0,1.0,206,0.982764482498169,0.9970818758010864
mnist,ResNet8GN_w16_g8,5,False,True,1,200,False,1.0,1.0,207,0.9806376695632935,0.9939708113670349
mnist,ResNet8GN_w16_g8,5,False,True,1,200,False,1.0,1.0,208,0.9794610738754272,0.9984109401702881
mnist,ResNet8GN_w16_g8,5,False,True,1,200,False,1.0,1.0,209,0.9792725443840027,0.9975562691688538
mnist,ResNet8GN_w16_g8,5,False,True,1,200,False,1.0,1.0,210,0.9801580905914307,0.9956628084182739
mnist,ResNet8GN_w16_g8,5,False,True,1,200,False,1.0,1.0,211,0.9799582362174988,0.9978780746459961
mnist,ResNet8GN_w16_g8,5,False,True,1,200,False,1.0,1.0,212,0.9801266193389893,0.9981014728546143
mnist,ResNet8GN_w16_g8,5,False,True,1,200,False,1.0,1.0,213,0.9789788126945496,0.998498260974884
mnist,ResNet8GN_w16_g8,5,False,True,1,200,False,1.0,1.0,214,0.9793143272399902,0.9987936615943909
mnist,ResNet8GN_w16_g8,5,False,True,1,200,False,1.0,1.0,215,0.978725016117096,0.9970547556877136
mnist,ResNet8GN_w16_g8,5,False,True,1,200,False,1.0,1.0,216,0.9825165271759033,0.9967470169067383
mnist,ResNet8GN_w16_g8,5,False,True,1,200,False,1.0,1.0,217,0.9809880256652832,0.997623085975647
mnist,ResNet8GN_w16_g8,5,False,True,1,200,False,1.0,1.0,218,0.9798749685287476,0.9852486848831177
mnist,ResNet8GN_w16_g8,5,False,True,1,200,False,1.0,1.0,219,0.9802669286727905,0.9956545829772949
mnist,ResNet8GN_w16_g8,5,False,True,1,200,False,1.0,1.0,220,0.9808088541030884,0.9897581338882446
mnist,ResNet8GN_w16_g8,5,False,True,1,200,False,1.0,1.0,221,0.9784674048423767,0.994189441204071
mnist,ResNet8GN_w16_g8,5,False,True,1,200,False,1.0,1.0,222,0.9767030477523804,0.9860110282897949
mnist,ResNet8GN_w16_g8,5,False,True,1,200,False,1.0,1.0,223,0.9803436994552612,0.9931243658065796
mnist,ResNet8GN_w16_g8,5,False,True,1,200,False,1.0,1.0,224,0.9799658060073853,0.9970354437828064
mnist,ResNet8GN_w16_g8,5,False,True,1,200,False,1.0,1.0,225,0.9795913696289062,0.9925876259803772
mnist,ResNet8GN_w16_g8,5,False,True,1,200,False,1.0,1.0,226,0.9788935780525208,0.9973124265670776
mnist,ResNet8GN_w16_g8,5,False,True,1,200,False,1.0,1.0,227,0.9779881238937378,0.9901764392852783
mnist,ResNet8GN_w16_g8,5,False,True,1,200,False,1.0,1.0,228,0.9800031781196594,0.9979686141014099
mnist,ResNet8GN_w16_g8,5,False,True,1,200,False,1.0,1.0,229,0.9793656468391418,0.9940022230148315
mnist,ResNet8GN_w16_g8,5,False,True,1,200,False,1.0,1.0,230,0.9816884398460388,0.9971755146980286
mnist,ResNet8GN_w16_g8,5,False,True,1,200,False,1.0,1.0,231,0.9803718328475952,0.9983615279197693
mnist,ResNet8GN_w16_g8,5,False,True,1,200,False,1.0,1.0,232,0.9784419536590576,0.9946407675743103
mnist,ResNet8GN_w16_g8,5,False,True,1,200,False,1.0,1.0,233,0.97805255651474,0.9949204921722412
mnist,ResNet8GN_w16_g8,5,False,True,1,200,False,1.0,1.0,234,0.9758514761924744,0.9973748922348022
mnist,ResNet8GN_w16_g8,5,False,True,1,200,False,1.0,1.0,235,0.9801961779594421,0.9879279732704163
mnist,ResNet8GN_w16_g8,5,False,True,1,200,False,1.0,1.0,236,0.9773502349853516,0.9943937659263611
mnist,ResNet8GN_w16_g8,5,False,True,1,200,False,1.0,1.0,237,0.9780762195587158,0.9965721368789673
mnist,ResNet8GN_w16_g8,5,False,True,1,200,False,1.0,1.0,238,0.9767779111862183,0.9936280250549316
mnist,ResNet8GN_w16_g8,5,False,True,1,200,False,1.0,1.0,239,0.9794886112213135,0.99809330701828
mnist,ResNet8GN_w16_g8,5,False,True,1,200,False,1.0,1.0,240,0.9779698252677917,0.996588408946991
mnist,ResNet8GN_w16_g8,5,False,True,1,200,False,1.0,1.0,241,0.9785682559013367,0.9976277351379395
mnist,ResNet8GN_w16_g8,5,False,True,1,200,False,1.0,1.0,242,0.9791515469551086,0.9918603301048279
mnist,ResNet8GN_w16_g8,5,False,True,1,200,False,1.0,1.0,243,0.9802327156066895,0.9977307319641113
mnist,ResNet8GN_w16_g8,5,False,True,1,200,False,1.0,1.0,244,0.9792173504829407,0.995689868927002
mnist,ResNet8GN_w16_g8,5,False,True,1,200,False,1.0,1.0,245,0.9807193279266357,0.997846245765686
mnist,ResNet8GN_w16_g8,5,False,True,1,200,False,1.0,1.0,246,0.9797558784484863,0.9980723857879639
mnist,ResNet8GN_w16_g8,5,False,True,1,200,False,1.0,1.0,247,0.9812331795692444,0.9981672763824463
mnist,ResNet8GN_w16_g8,5,False,True,1,200,False,1.0,1.0,248,0.9779006242752075,0.9979026317596436
mnist,ResNet8GN_w16_g8,5,False,True,1,200,False,1.0,1.0,249,0.9778273701667786,0.9975308179855347
mnist,ResNet8GN_w16_g8,5,False,True,1,200,False,1.0,1.0,250,0.9781107306480408,0.9972885251045227
mnist,ResNet8GN_w16_g8,5,False,True,1,200,False,1.0,1.0,251,0.9782959818840027,0.9816179275512695
mnist,ResNet8GN_w16_g8,5,False,True,1,200,False,1.0,1.0,252,0.9797229766845703,0.9978030323982239
mnist,ResNet8GN_w16_g8,5,False,True,1,200,False,1.0,1.0,253,0.9793428182601929,0.9953941702842712
mnist,ResNet8GN_w16_g8,5,False,True,1,200,False,1.0,1.0,254,0.9771239757537842,0.9985482692718506
mnist,ResNet8GN_w16_g8,5,False,True,1,200,False,1.0,1.0,255,0.9770550727844238,0.9966134428977966
mnist,ResNet8GN_w16_g8,5,False,True,1,200,False,1.0,1.0,256,0.978111982345581,0.9977676868438721
mnist,ResNet8GN_w16_g8,5,False,True,1,200,False,1.0,1.0,257,0.9804033041000366,0.9959165453910828
mnist,ResNet8GN_w16_g8,5,False,True,1,200,False,1.0,1.0,258,0.979490339756012,0.9945787787437439
mnist,ResNet8GN_w16_g8,5,False,True,1,200,False,1.0,1.0,259,0.9798043966293335,0.9968360662460327
mnist,ResNet8GN_w16_g8,5,False,True,1,200,False,1.0,1.0,260,0.9792152643203735,0.9978072643280029
mnist,ResNet8GN_w16_g8,5,False,True,1,200,False,1.0,1.0,261,0.9796997904777527,0.9945741295814514
mnist,ResNet8GN_w16_g8,5,False,True,1,200,False,1.0,1.0,262,0.9800665974617004,0.99848872423172
mnist,ResNet8GN_w16_g8,5,False,True,1,200,False,1.0,1.0,263,0.9797869920730591,0.9938933253288269
mnist,ResNet8GN_w16_g8,5,False,True,1,200,False,1.0,1.0,264,0.9789742231369019,0.9982553124427795
mnist,ResNet8GN_w16_g8,5,False,True,1,200,False,1.0,1.0,265,0.9765805006027222,0.9976106882095337
mnist,ResNet8GN_w16_g8,5,False,True,1,200,False,1.0,1.0,266,0.9726001024246216,0.9981419444084167
mnist,ResNet8GN_w16_g8,5,False,True,1,200,False,1.0,1.0,267,0.977986216545105,0.9975424408912659
mnist,ResNet8GN_w16_g8,5,False,True,1,200,False,1.0,1.0,268,0.9802237749099731,0.9985520839691162
mnist,ResNet8GN_w16_g8,5,False,True,1,200,False,1.0,1.0,269,0.9773073792457581,0.9818838834762573
mnist,ResNet8GN_w16_g8,5,False,True,1,200,False,1.0,1.0,270,0.9759343862533569,0.9970883727073669
mnist,ResNet8GN_w16_g8,5,False,True,1,200,False,1.0,1.0,271,0.9774430990219116,0.994960367679596
mnist,ResNet8GN_w16_g8,5,False,True,1,200,False,1.0,1.0,272,0.9761099815368652,0.9946306943893433
mnist,ResNet8GN_w16_g8,5,False,True,1,200,False,1.0,1.0,273,0.9777275919914246,0.9961830973625183
mnist,ResNet8GN_w16_g8,5,False,True,1,200,False,1.0,1.0,274,0.9753985404968262,0.9823392033576965
mnist,ResNet8GN_w16_g8,5,False,True,1,200,False,1.0,1.0,275,0.977198600769043,0.9952229261398315
mnist,ResNet8GN_w16_g8,5,False,True,1,200,False,1.0,1.0,276,0.9740583896636963,0.9967163801193237
mnist,ResNet8GN_w16_g8,5,False,True,1,200,False,1.0,1.0,277,0.9778020977973938,0.996441662311554
mnist,ResNet8GN_w16_g8,5,False,True,1,200,False,1.0,1.0,278,0.9776792526245117,0.9969394207000732
mnist,ResNet8GN_w16_g8,5,False,True,1,200,False,1.0,1.0,279,0.9759919047355652,0.997205913066864
mnist,ResNet8GN_w16_g8,5,False,True,1,200,False,1.0,1.0,280,0.9748860597610474,0.9930028319358826
mnist,ResNet8GN_w16_g8,5,False,True,1,200,False,1.0,1.0,281,0.9718708395957947,0.9965330362319946
mnist,ResNet8GN_w16_g8,5,False,True,1,200,False,1.0,1.0,282,0.9766808152198792,0.9943059682846069
mnist,ResNet8GN_w16_g8,5,False,True,1,200,False,1.0,1.0,283,0.9730929136276245,0.9980642795562744
mnist,ResNet8GN_w16_g8,5,False,True,1,200,False,1.0,1.0,284,0.9753443598747253,0.9901019930839539
mnist,ResNet8GN_w16_g8,5,False,True,1,200,False,1.0,1.0,285,0.9787213802337646,0.9979671239852905
mnist,ResNet8GN_w16_g8,5,False,True,1,200,False,1.0,1.0,286,0.9780027866363525,0.9766108989715576
mnist,ResNet8GN_w16_g8,5,False,True,1,200,False,1.0,1.0,287,0.979238748550415,0.981522262096405
mnist,ResNet8GN_w16_g8,5,False,True,1,200,False,1.0,1.0,288,0.978617250919342,0.9936562776565552
mnist,ResNet8GN_w16_g8,5,False,True,1,200,False,1.0,1.0,289,0.9789556264877319,0.9910556674003601
mnist,ResNet8GN_w16_g8,5,False,True,1,200,False,1.0,1.0,290,0.9782986640930176,0.9958322048187256
mnist,ResNet8GN_w16_g8,5,False,True,1,200,False,1.0,1.0,291,0.9768457412719727,0.9951903223991394
mnist,ResNet8GN_w16_g8,5,False,True,1,200,False,1.0,1.0,292,0.9770625829696655,0.9965683817863464
mnist,ResNet8GN_w16_g8,5,False,True,1,200,False,1.0,1.0,293,0.9749096632003784,0.9801663756370544
mnist,ResNet8GN_w16_g8,5,False,True,1,200,False,1.0,1.0,294,0.9767123460769653,0.993136465549469
mnist,ResNet8GN_w16_g8,5,False,True,1,200,False,1.0,1.0,295,0.9755994081497192,0.9974563121795654
mnist,ResNet8GN_w16_g8,5,False,True,1,200,False,1.0,1.0,296,0.976152777671814,0.9912735223770142
mnist,ResNet8GN_w16_g8,5,False,True,1,200,False,1.0,1.0,297,0.9762069582939148,0.9978875517845154
mnist,ResNet8GN_w16_g8,5,False,True,1,200,False,1.0,1.0,298,0.978274941444397,0.9956344962120056
mnist,ResNet8GN_w16_g8,5,False,True,1,200,False,1.0,1.0,299,0.974871814250946,0.9953372478485107
mnist,ResNet8GN_w16_g8,5,False,True,1,200,False,1.0,1.0,300,0.975075900554657,0.9959926605224609
mnist,ResNet8GN_w16_g8,5,False,True,1,200,False,1.0,1.0,301,0.9764142632484436,0.9911758899688721
mnist,ResNet8GN_w16_g8,5,False,True,1,200,False,1.0,1.0,302,0.977216362953186,0.9912614226341248
mnist,ResNet8GN_w16_g8,5,False,True,1,200,False,1.0,1.0,303,0.9780277013778687,0.9916964173316956
mnist,ResNet8GN_w16_g8,5,False,True,1,200,False,1.0,1.0,304,0.9789191484451294,0.9968885779380798
mnist,ResNet8GN_w16_g8,5,False,True,1,200,False,1.0,1.0,305,0.9785506129264832,0.9966748952865601
mnist,ResNet8GN_w16_g8,5,False,True,1,200,False,1.0,1.0,306,0.975427508354187,0.9931402802467346
mnist,ResNet8GN_w16_g8,5,False,True,1,200,False,1.0,1.0,307,0.9738577008247375,0.995498538017273
mnist,ResNet8GN_w16_g8,5,False,True,1,200,False,1.0,1.0,308,0.9751028418540955,0.989880383014679
mnist,ResNet8GN_w16_g8,5,False,True,1,200,False,1.0,1.0,309,0.9781991243362427,0.9870168566703796
mnist,ResNet8GN_w16_g8,5,False,True,1,200,False,1.0,1.0,310,0.9792760610580444,0.995032012462616
mnist,ResNet8GN_w16_g8,5,False,True,1,200,False,1.0,1.0,311,0.9768874049186707,0.9979652166366577
mnist,ResNet8GN_w16_g8,5,False,True,1,200,False,1.0,1.0,312,0.975614070892334,0.9978033900260925
mnist,ResNet8GN_w16_g8,5,False,True,1,200,False,1.0,1.0,313,0.9762178659439087,0.9969640970230103
mnist,ResNet8GN_w16_g8,5,False,True,1,200,False,1.0,1.0,314,0.9794377088546753,0.997342050075531
mnist,ResNet8GN_w16_g8,5,False,True,1,200,False,1.0,1.0,315,0.9795287847518921,0.9963707327842712
mnist,ResNet8GN_w16_g8,5,False,True,1,200,False,1.0,1.0,316,0.9783326387405396,0.9969428181648254
mnist,ResNet8GN_w16_g8,5,False,True,1,200,False,1.0,1.0,317,0.9800467491149902,0.9956735372543335
mnist,ResNet8GN_w16_g8,5,False,True,1,200,False,1.0,1.0,318,0.9783564209938049,0.9966580867767334
mnist,ResNet8GN_w16_g8,5,False,True,1,200,False,1.0,1.0,319,0.9774535894393921,0.9948670268058777
mnist,ResNet8GN_w16_g8,5,False,True,1,200,False,1.0,1.0,320,0.9754897356033325,0.9981103539466858
mnist,ResNet8GN_w16_g8,5,False,True,1,200,False,1.0,1.0,321,0.9756637811660767,0.9922518134117126
mnist,ResNet8GN_w16_g8,5,False,True,1,200,False,1.0,1.0,322,0.974866509437561,0.9959476590156555
mnist,ResNet8GN_w16_g8,5,False,True,1,200,False,1.0,1.0,323,0.9755566120147705,0.995091438293457
mnist,ResNet8GN_w16_g8,5,False,True,1,200,False,1.0,1.0,324,0.9742319583892822,0.9915556907653809
mnist,ResNet8GN_w16_g8,5,False,True,1,200,False,1.0,1.0,325,0.9755616784095764,0.9963802695274353
mnist,ResNet8GN_w16_g8,5,False,True,1,200,False,1.0,1.0,326,0.9744037389755249,0.9733749628067017
mnist,ResNet8GN_w16_g8,5,False,True,1,200,False,1.0,1.0,327,0.9772424697875977,0.9954586029052734
mnist,ResNet8GN_w16_g8,5,False,True,1,200,False,1.0,1.0,328,0.9763054847717285,0.9919499158859253
mnist,ResNet8GN_w16_g8,5,False,True,1,200,False,1.0,1.0,329,0.9776479005813599,0.9840302467346191
mnist,ResNet8GN_w16_g8,5,False,True,1,200,False,1.0,1.0,330,0.9785009622573853,0.9926767349243164
mnist,ResNet8GN_w16_g8,5,False,True,1,200,False,1.0,1.0,331,0.9783370494842529,0.9968486428260803
mnist,ResNet8GN_w16_g8,5,False,True,1,200,False,1.0,1.0,332,0.9775276184082031,0.9970062971115112
mnist,ResNet8GN_w16_g8,5,False,True,1,200,False,1.0,1.0,333,0.9773620367050171,0.9972537755966187
mnist,ResNet8GN_w16_g8,5,False,True,1,200,False,1.0,1.0,334,0.9755417108535767,0.9957640767097473
mnist,ResNet8GN_w16_g8,5,False,True,1,200,False,1.0,1.0,335,0.9773414134979248,0.9962369799613953
mnist,ResNet8GN_w16_g8,5,False,True,1,200,False,1.0,1.0,336,0.9765833616256714,0.9968684315681458
mnist,ResNet8GN_w16_g8,5,False,True,1,200,False,1.0,1.0,337,0.9762133359909058,0.9982032775878906
mnist,ResNet8GN_w16_g8,5,False,True,1,200,False,1.0,1.0,338,0.9731753468513489,0.9935193061828613
mnist,ResNet8GN_w16_g8,5,False,True,1,200,False,1.0,1.0,339,0.9745298027992249,0.9971127510070801
mnist,ResNet8GN_w16_g8,5,False,True,1,200,False,1.0,1.0,340,0.9769873023033142,0.9939482808113098
mnist,ResNet8GN_w16_g8,5,False,True,1,200,False,1.0,1.0,341,0.9794540405273438,0.9968098402023315
mnist,ResNet8GN_w16_g8,5,False,True,1,200,False,1.0,1.0,342,0.9784032106399536,0.9944944977760315
mnist,ResNet8GN_w16_g8,5,False,True,1,200,False,1.0,1.0,343,0.977383553981781,0.9944608211517334
mnist,ResNet8GN_w16_g8,5,False,True,1,200,False,1.0,1.0,344,0.9773523807525635,0.996612548828125
mnist,ResNet8GN_w16_g8,5,False,True,1,200,False,1.0,1.0,345,0.9781104922294617,0.9966409206390381
mnist,ResNet8GN_w16_g8,5,False,True,1,200,False,1.0,1.0,346,0.9780410528182983,0.9913144707679749
mnist,ResNet8GN_w16_g8,5,False,True,1,200,False,1.0,1.0,347,0.9795261025428772,0.996009349822998
mnist,ResNet8GN_w16_g8,5,False,True,1,200,False,1.0,1.0,348,0.9776952862739563,0.9958874583244324
mnist,ResNet8GN_w16_g8,5,False,True,1,200,False,1.0,1.0,349,0.9753662347793579,0.9955811500549316
mnist,ResNet8GN_w16_g8,5,False,True,1,200,False,1.0,1.0,350,0.9736810922622681,0.9968155026435852
mnist,ResNet8GN_w16_g8,5,False,True,1,200,False,1.0,1.0,351,0.9752379059791565,0.9940792322158813
mnist,ResNet8GN_w16_g8,5,False,True,1,200,False,1.0,1.0,352,0.9737693071365356,0.9962961077690125
mnist,ResNet8GN_w16_g8,5,False,True,1,200,False,1.0,1.0,353,0.9751018285751343,0.9948058128356934
mnist,ResNet8GN_w16_g8,5,False,True,1,200,False,1.0,1.0,354,0.9744327664375305,0.9943239092826843
mnist,ResNet8GN_w16_g8,5,False,True,1,200,False,1.0,1.0,355,0.974654495716095,0.9944435358047485
mnist,ResNet8GN_w16_g8,5,False,True,1,200,False,1.0,1.0,356,0.974767804145813,0.992216944694519
mnist,ResNet8GN_w16_g8,5,False,True,1,200,False,1.0,1.0,357,0.9757801294326782,0.9973840117454529
mnist,ResNet8GN_w16_g8,5,False,True,1,200,False,1.0,1.0,358,0.9764300584793091,0.9921602010726929
mnist,ResNet8GN_w16_g8,5,False,True,1,200,False,1.0,1.0,359,0.9744604229927063,0.9971119165420532
mnist,ResNet8GN_w16_g8,5,False,True,1,200,False,1.0,1.0,360,0.9756773710250854,0.9934664964675903
mnist,ResNet8GN_w16_g8,5,False,True,1,200,False,1.0,1.0,361,0.9778909683227539,0.991507887840271
mnist,ResNet8GN_w16_g8,5,False,True,1,200,False,1.0,1.0,362,0.9771976470947266,0.9967169165611267
mnist,ResNet8GN_w16_g8,5,False,True,1,200,False,1.0,1.0,363,0.9748070240020752,0.9961629509925842
mnist,ResNet8GN_w16_g8,5,False,True,1,200,False,1.0,1.0,364,0.9763702154159546,0.9929114580154419
mnist,ResNet8GN_w16_g8,5,False,True,1,200,False,1.0,1.0,365,0.9761178493499756,0.9794126152992249
mnist,ResNet8GN_w16_g8,5,False,True,1,200,False,1.0,1.0,366,0.9766998887062073,0.9947139024734497
mnist,ResNet8GN_w16_g8,5,False,True,1,200,False,1.0,1.0,367,0.9764721393585205,0.995627224445343
mnist,ResNet8GN_w16_g8,5,False,True,1,200,False,1.0,1.0,368,0.9747077822685242,0.9964326024055481
mnist,ResNet8GN_w16_g8,5,False,True,1,200,False,1.0,1.0,369,0.9751520752906799,0.9965667724609375
mnist,ResNet8GN_w16_g8,5,False,True,1,200,False,1.0,1.0,370,0.974355936050415,0.9887368679046631
mnist,ResNet8GN_w16_g8,5,False,True,1,200,False,1.0,1.0,371,0.9750169515609741,0.997162401676178
mnist,ResNet8GN_w16_g8,5,False,True,1,200,False,1.0,1.0,372,0.9765448570251465,0.9943268299102783
mnist,ResNet8GN_w16_g8,5,False,True,1,200,False,1.0,1.0,373,0.9724828004837036,0.9977192878723145
mnist,ResNet8GN_w16_g8,5,False,True,1,200,False,1.0,1.0,374,0.9696396589279175,0.9961079359054565
mnist,ResNet8GN_w16_g8,5,False,True,1,200,False,1.0,1.0,375,0.9742322564125061,0.9961948990821838
mnist,ResNet8GN_w16_g8,5,False,True,1,200,False,1.0,1.0,376,0.9764633178710938,0.9982352256774902
mnist,ResNet8GN_w16_g8,5,False,True,1,200,False,1.0,1.0,377,0.9730701446533203,0.9896557927131653
mnist,ResNet8GN_w16_g8,5,False,True,1,200,False,1.0,1.0,378,0.9718630909919739,0.9969531297683716
mnist,ResNet8GN_w16_g8,5,False,True,1,200,False,1.0,1.0,379,0.9758071303367615,0.9958025217056274
mnist,ResNet8GN_w16_g8,5,False,True,1,200,False,1.0,1.0,380,0.9764813780784607,0.9948728680610657
mnist,ResNet8GN_w16_g8,5,False,True,1,200,False,1.0,1.0,381,0.9785073399543762,0.9979093074798584
mnist,ResNet8GN_w16_g8,5,False,True,1,200,False,1.0,1.0,382,0.9764089584350586,0.9965367317199707
mnist,ResNet8GN_w16_g8,5,False,True,1,200,False,1.0,1.0,383,0.9752902388572693,0.9967129230499268
mnist,ResNet8GN_w16_g8,5,False,True,1,200,False,1.0,1.0,384,0.9771109819412231,0.9978918433189392
mnist,ResNet8GN_w16_g8,5,False,True,1,200,False,1.0,1.0,385,0.9772487878799438,0.9972939491271973
mnist,ResNet8GN_w16_g8,5,False,True,1,200,False,1.0,1.0,386,0.9766966700553894,0.9965646266937256
mnist,ResNet8GN_w16_g8,5,False,True,1,200,False,1.0,1.0,387,0.9774051308631897,0.9975033402442932
mnist,ResNet8GN_w16_g8,5,False,True,1,200,False,1.0,1.0,388,0.9763798713684082,0.9759191870689392
mnist,ResNet8GN_w16_g8,5,False,True,1,200,False,1.0,1.0,389,0.9785101413726807,0.9973511695861816
mnist,ResNet8GN_w16_g8,5,False,True,1,200,False,1.0,1.0,390,0.9778324365615845,0.9967289566993713
mnist,ResNet8GN_w16_g8,5,False,True,1,200,False,1.0,1.0,391,0.9760544896125793,0.9954409599304199
mnist,ResNet8GN_w16_g8,5,False,True,1,200,False,1.0,1.0,392,0.9748945236206055,0.9957026243209839
mnist,ResNet8GN_w16_g8,5,False,True,1,200,False,1.0,1.0,393,0.9720653295516968,0.9937930703163147
mnist,ResNet8GN_w16_g8,5,False,True,1,200,False,1.0,1.0,394,0.9712918996810913,0.9969149827957153
mnist,ResNet8GN_w16_g8,5,False,True,1,200,False,1.0,1.0,395,0.971925675868988,0.9952337741851807
mnist,ResNet8GN_w16_g8,5,False,True,1,200,False,1.0,1.0,396,0.9696366190910339,0.9888501167297363
mnist,ResNet8GN_w16_g8,5,False,True,1,200,False,1.0,1.0,397,0.9723532199859619,0.9877013564109802
mnist,ResNet8GN_w16_g8,5,False,True,1,200,False,1.0,1.0,398,0.9697751998901367,0.998211145401001
mnist,ResNet8GN_w16_g8,5,False,True,1,200,False,1.0,1.0,399,0.9747645854949951,0.9801307320594788
mnist,ResNet8GN_w16_g8,5,False,True,1,200,False,1.0,1.0,400,0.9794615507125854,0.9977545142173767
mnist,ResNet8GN_w16_g8,5,False,True,1,200,False,1.0,1.0,401,0.9789595603942871,0.9909205436706543
mnist,ResNet8GN_w16_g8,5,False,True,1,200,False,1.0,1.0,402,0.9772905111312866,0.994530200958252
mnist,ResNet8GN_w16_g8,5,False,True,1,200,False,1.0,1.0,403,0.9772480130195618,0.9961265921592712
mnist,ResNet8GN_w16_g8,5,False,True,1,200,False,1.0,1.0,404,0.9794321060180664,0.9910629391670227
mnist,ResNet8GN_w16_g8,5,False,True,1,200,False,1.0,1.0,405,0.9800541400909424,0.9974851012229919
mnist,ResNet8GN_w16_g8,5,False,True,1,200,False,1.0,1.0,406,0.9769011735916138,0.9970355033874512
mnist,ResNet8GN_w16_g8,5,False,True,1,200,False,1.0,1.0,407,0.975488543510437,0.996139407157898
mnist,ResNet8GN_w16_g8,5,False,True,1,200,False,1.0,1.0,408,0.9749166369438171,0.9931073784828186
mnist,ResNet8GN_w16_g8,5,False,True,1,200,False,1.0,1.0,409,0.9757802486419678,0.9957842230796814
mnist,ResNet8GN_w16_g8,5,False,True,1,200,False,1.0,1.0,410,0.9721996188163757,0.9848288893699646
mnist,ResNet8GN_w16_g8,5,False,True,1,200,False,1.0,1.0,411,0.9705463647842407,0.9983136653900146
mnist,ResNet8GN_w16_g8,5,False,True,1,200,False,1.0,1.0,412,0.9749075174331665,0.9838516712188721
mnist,ResNet8GN_w16_g8,5,False,True,1,200,False,1.0,1.0,413,0.9777145385742188,0.9952757954597473
mnist,ResNet8GN_w16_g8,5,False,True,1,200,False,1.0,1.0,414,0.9779403209686279,0.9946556091308594
mnist,ResNet8GN_w16_g8,5,False,True,1,200,False,1.0,1.0,415,0.9762198328971863,0.9956756830215454
mnist,ResNet8GN_w16_g8,5,False,True,1,200,False,1.0,1.0,416,0.9758068323135376,0.9919288158416748
mnist,ResNet8GN_w16_g8,5,False,True,1,200,False,1.0,1.0,417,0.9770238399505615,0.9868515729904175
mnist,ResNet8GN_w16_g8,5,False,True,1,200,False,1.0,1.0,2,0.9856974482536316,0.9826021194458008
mnist,ResNet8GN_w16_g8,5,False,True,1,200,False,1.0,1.0,3,0.9859145283699036,0.9826076626777649
mnist,ResNet8GN_w16_g8,5,False,True,1,200,False,1.0,1.0,4,0.9874303340911865,0.9755939841270447
mnist,ResNet8GN_w16_g8,5,False,True,1,200,False,1.0,1.0,5,0.9866393804550171,0.918639063835144
mnist,ResNet8GN_w16_g8,5,False,True,1,200,False,1.0,1.0,6,0.9864476919174194,0.9816296100616455
mnist,ResNet8GN_w16_g8,5,False,True,1,200,False,1.0,1.0,7,0.9870842099189758,0.9726673364639282
mnist,ResNet8GN_w16_g8,5,False,True,1,200,False,1.0,1.0,8,0.9872782230377197,0.9822645783424377
mnist,ResNet8GN_w16_g8,5,False,True,1,200,False,1.0,1.0,9,0.986335277557373,0.9797526001930237
mnist,ResNet8GN_w16_g8,5,False,True,1,200,False,1.0,1.0,10,0.9850688576698303,0.9663611054420471
mnist,ResNet8GN_w16_g8,5,False,True,1,200,False,1.0,1.0,11,0.9831157326698303,0.9644356966018677
mnist,ResNet8GN_w16_g8,5,False,True,1,200,False,1.0,1.0,12,0.9829567670822144,0.9639565348625183
mnist,ResNet8GN_w16_g8,5,False,True,1,200,False,1.0,1.0,13,0.9829640984535217,0.9612549543380737
mnist,ResNet8GN_w16_g8,5,False,True,1,200,False,1.0,1.0,14,0.9823203086853027,0.9409113526344299
mnist,ResNet8GN_w16_g8,5,False,True,1,200,False,1.0,1.0,15,0.9830960035324097,0.9630532264709473
mnist,ResNet8GN_w16_g8,5,False,True,1,200,False,1.0,1.0,16,0.9837392568588257,0.9314166307449341
mnist,ResNet8GN_w16_g8,5,False,True,1,200,False,1.0,1.0,17,0.9837703704833984,0.852484941482544
mnist,ResNet8GN_w16_g8,5,False,True,1,200,False,1.0,1.0,18,0.9834693670272827,0.9674752354621887
mnist,ResNet8GN_w16_g8,5,False,True,1,200,False,1.0,1.0,19,0.9828264713287354,0.9233682751655579
mnist,ResNet8GN_w16_g8,5,False,True,1,200,False,1.0,1.0,20,0.9811164140701294,0.9121978878974915
mnist,ResNet8GN_w16_g8,5,False,True,1,200,False,1.0,1.0,2,0.9856974482536316,0.9826021194458008
mnist,ResNet8GN_w16_g8,5,False,True,1,200,False,1.0,1.0,3,0.9859145283699036,0.9826076626777649
mnist,ResNet8GN_w16_g8,5,False,True,1,200,False,1.0,1.0,4,0.9874303340911865,0.9755939841270447
mnist,ResNet8GN_w16_g8,5,False,True,1,200,False,1.0,1.0,5,0.9866393804550171,0.918639063835144
mnist,ResNet8GN_w16_g8,5,False,True,1,200,False,1.0,1.0,6,0.9864476919174194,0.9816296100616455
mnist,ResNet8GN_w16_g8,5,False,True,1,200,False,1.0,1.0,7,0.9870842099189758,0.9726673364639282
mnist,ResNet8GN_w16_g8,5,False,True,1,200,False,1.0,1.0,8,0.9872782230377197,0.9822645783424377
mnist,ResNet8GN_w16_g8,5,False,True,1,200,False,1.0,1.0,9,0.986335277557373,0.9797526001930237
mnist,ResNet8GN_w16_g8,5,False,True,1,200,False,1.0,1.0,10,0.9850688576698303,0.9663611054420471
mnist,ResNet8GN_w16_g8,5,False,True,1,200,False,1.0,1.0,11,0.9831157326698303,0.9644356966018677
mnist,ResNet8GN_w16_g8,5,False,True,1,200,False,1.0,1.0,12,0.9829567670822144,0.9639565348625183
mnist,ResNet8GN_w16_g8,5,False,True,1,200,False,1.0,1.0,13,0.9829640984535217,0.9612549543380737
mnist,ResNet8GN_w16_g8,5,False,True,1,200,False,1.0,1.0,14,0.9823203086853027,0.9409113526344299
mnist,ResNet8GN_w16_g8,5,False,True,1,200,False,1.0,1.0,15,0.9830960035324097,0.9630532264709473
mnist,ResNet8GN_w16_g8,5,False,True,1,200,False,1.0,1.0,16,0.9837392568588257,0.9314166307449341
mnist,ResNet8GN_w16_g8,5,False,True,1,200,False,1.0,1.0,17,0.9837703704833984,0.852484941482544
mnist,ResNet8GN_w16_g8,5,False,True,1,200,False,1.0,1.0,18,0.9834693670272827,0.9674752354621887
mnist,ResNet8GN_w16_g8,5,False,True,1,200,False,1.0,1.0,19,0.9828264713287354,0.9233682751655579
mnist,ResNet8GN_w16_g8,5,False,True,1,200,False,1.0,1.0,20,0.9811164140701294,0.9121978878974915
mnist,ResNet8GN_w16_g8,5,False,True,1,200,False,1.0,1.0,21,0.9789505004882812,0.9051145315170288
mnist,ResNet8GN_w16_g8,5,False,True,1,200,False,1.0,1.0,22,0.9783700108528137,0.9356767535209656
mnist,ResNet8GN_w16_g8,5,False,True,1,200,False,1.0,1.0,23,0.9791970252990723,0.8915932774543762
mnist,ResNet8GN_w16_g8,5,False,True,1,200,False,1.0,1.0,24,0.9764847159385681,0.9034937024116516
mnist,ResNet8GN_w16_g8,5,False,True,1,200,False,1.0,1.0,25,0.9744897484779358,0.881615161895752
mnist,ResNet8GN_w16_g8,5,False,True,1,200,False,1.0,1.0,26,0.9732486009597778,0.8795616030693054
mnist,ResNet8GN_w16_g8,5,False,True,1,200,False,1.0,1.0,27,0.972653865814209,0.8816354870796204
mnist,ResNet8GN_w16_g8,5,False,True,1,200,False,1.0,1.0,28,0.9719712734222412,0.8818168044090271
mnist,ResNet8GN_w16_g8,5,False,True,1,200,False,1.0,1.0,29,0.9715831875801086,0.8691464066505432
mnist,ResNet8GN_w16_g8,5,False,True,1,200,False,1.0,1.0,30,0.971520185470581,0.7886102199554443
mnist,ResNet8GN_w16_g8,5,False,True,1,200,False,1.0,1.0,31,0.9737138748168945,0.9904605746269226
mnist,ResNet8GN_w16_g8,5,False,True,1,200,False,1.0,1.0,32,0.9735074043273926,0.9409644603729248
mnist,ResNet8GN_w16_g8,5,False,True,1,200,False,1.0,1.0,33,0.9718253016471863,0.9592785835266113
mnist,ResNet8GN_w16_g8,5,False,True,1,200,False,1.0,1.0,34,0.9744731187820435,0.8450495004653931
mnist,ResNet8GN_w16_g8,5,False,True,1,200,False,1.0,1.0,35,0.9768946170806885,0.9518378376960754
mnist,ResNet8GN_w16_g8,5,False,True,1,200,False,1.0,1.0,36,0.9789152145385742,0.9898744821548462
mnist,ResNet8GN_w16_g8,5,False,True,1,200,False,1.0,1.0,37,0.9767407178878784,0.9912664890289307
mnist,ResNet8GN_w16_g8,5,False,True,1,200,False,1.0,1.0,38,0.9776028990745544,0.859047532081604
mnist,ResNet8GN_w16_g8,5,False,True,1,200,False,1.0,1.0,39,0.9797553420066833,0.8939746618270874
mnist,ResNet8GN_w16_g8,5,False,True,1,200,False,1.0,1.0,40,0.9797639846801758,0.9879546165466309
mnist,ResNet8GN_w16_g8,5,False,True,1,200,False,1.0,1.0,41,0.9795385599136353,0.9893316626548767
mnist,ResNet8GN_w16_g8,5,False,True,1,200,False,1.0,1.0,42,0.9801241755485535,0.8728387951850891
mnist,ResNet8GN_w16_g8,5,False,True,1,200,False,1.0,1.0,43,0.9803854823112488,0.9743701219558716
mnist,ResNet8GN_w16_g8,5,False,True,1,200,False,1.0,1.0,44,0.9803576469421387,0.9577230215072632
mnist,ResNet8GN_w16_g8,5,False,True,1,200,False,1.0,1.0,45,0.9799784421920776,0.997073769569397
mnist,ResNet8GN_w16_g8,5,False,True,1,200,False,1.0,1.0,46,0.9804191589355469,0.996470034122467
mnist,ResNet8GN_w16_g8,5,False,True,1,200,False,1.0,1.0,47,0.9808265566825867,0.9967755675315857
mnist,ResNet8GN_w16_g8,5,False,True,1,200,False,1.0,1.0,48,0.9791483879089355,0.998988151550293
mnist,ResNet8GN_w16_g8,5,False,True,1,200,False,1.0,1.0,49,0.981177568435669,0.9956511855125427
mnist,ResNet8GN_w16_g8,5,False,True,1,200,False,1.0,1.0,50,0.9819509387016296,0.9965764284133911
mnist,ResNet8GN_w16_g8,5,False,True,1,200,False,1.0,1.0,51,0.9822803139686584,0.997146487236023
mnist,ResNet8GN_w16_g8,5,False,True,1,200,False,1.0,1.0,52,0.9824439883232117,0.990399181842804
mnist,ResNet8GN_w16_g8,5,False,True,1,200,False,1.0,1.0,53,0.9816604256629944,0.9890276193618774
mnist,ResNet8GN_w16_g8,5,False,True,1,200,False,1.0,1.0,54,0.9803098440170288,0.9982388019561768
mnist,ResNet8GN_w16_g8,5,False,True,1,200,False,1.0,1.0,55,0.9769696593284607,0.9928144216537476
mnist,ResNet8GN_w16_g8,5,False,True,1,200,False,1.0,1.0,56,0.9825613498687744,0.9964843988418579
mnist,ResNet8GN_w16_g8,5,False,True,1,200,False,1.0,1.0,57,0.9819433689117432,0.9919769167900085
mnist,ResNet8GN_w16_g8,5,False,True,1,200,False,1.0,1.0,58,0.9761582016944885,0.9963151216506958
mnist,ResNet8GN_w16_g8,5,False,True,1,200,False,1.0,1.0,59,0.9822374582290649,0.997319221496582
mnist,ResNet8GN_w16_g8,5,False,True,1,200,False,1.0,1.0,60,0.9808765053749084,0.9869587421417236
mnist,ResNet8GN_w16_g8,5,False,True,1,200,False,1.0,1.0,61,0.98204505443573,0.9983351826667786
mnist,ResNet8GN_w16_g8,5,False,True,1,200,False,1.0,1.0,62,0.9823794960975647,0.9905619621276855
mnist,ResNet8GN_w16_g8,5,False,True,1,200,False,1.0,1.0,63,0.9834601879119873,0.9969443082809448
mnist,ResNet8GN_w16_g8,5,False,True,1,200,False,1.0,1.0,64,0.983292818069458,0.9913806915283203
mnist,ResNet8GN_w16_g8,5,False,True,1,200,False,1.0,1.0,65,0.9855117797851562,0.9880046844482422
mnist,ResNet8GN_w16_g8,5,False,True,1,200,False,1.0,1.0,66,0.9855047464370728,0.996628999710083
mnist,ResNet8GN_w16_g8,5,False,True,1,200,False,1.0,1.0,67,0.9861135482788086,0.9672971963882446
mnist,ResNet8GN_w16_g8,5,False,True,1,200,False,1.0,1.0,68,0.9845370054244995,0.9889907240867615
mnist,ResNet8GN_w16_g8,5,False,True,1,200,False,1.0,1.0,69,0.9848308563232422,0.9946181774139404
mnist,ResNet8GN_w16_g8,5,False,True,1,200,False,1.0,1.0,70,0.983737587928772,0.9936808943748474
mnist,ResNet8GN_w16_g8,5,False,True,1,200,False,1.0,1.0,71,0.9838647842407227,0.9966571927070618
mnist,ResNet8GN_w16_g8,5,False,True,1,200,False,1.0,1.0,72,0.984761118888855,0.9966065287590027
mnist,ResNet8GN_w16_g8,5,False,True,1,200,False,1.0,1.0,73,0.9841576814651489,0.9939723014831543
mnist,ResNet8GN_w16_g8,5,False,True,1,200,False,1.0,1.0,74,0.9833550453186035,0.9812363982200623
mnist,ResNet8GN_w16_g8,5,False,True,1,200,False,1.0,1.0,75,0.9840686917304993,0.9976130723953247
mnist,ResNet8GN_w16_g8,5,False,True,1,200,False,1.0,1.0,76,0.9856390357017517,0.9968357086181641
mnist,ResNet8GN_w16_g8,5,False,True,1,200,False,1.0,1.0,77,0.9851666688919067,0.9456758499145508
mnist,ResNet8GN_w16_g8,5,False,True,1,200,False,1.0,1.0,78,0.9856424331665039,0.9893175959587097
mnist,ResNet8GN_w16_g8,5,False,True,1,200,False,1.0,1.0,79,0.9846695065498352,0.9922760128974915
mnist,ResNet8GN_w16_g8,5,False,True,1,200,False,1.0,1.0,80,0.9844422340393066,0.967448890209198
mnist,ResNet8GN_w16_g8,5,False,True,1,200,False,1.0,1.0,81,0.9859981536865234,0.9954866766929626
mnist,ResNet8GN_w16_g8,5,False,True,1,200,False,1.0,1.0,82,0.9851147532463074,0.9267241954803467
mnist,ResNet8GN_w16_g8,5,False,True,1,200,False,1.0,1.0,83,0.9829283952713013,0.9878491163253784
mnist,ResNet8GN_w16_g8,5,False,True,1,200,False,1.0,1.0,84,0.9835585355758667,0.9362718462944031
mnist,ResNet8GN_w16_g8,5,False,True,1,200,False,1.0,1.0,85,0.9845813512802124,0.9794509410858154
mnist,ResNet8GN_w16_g8,5,False,True,1,200,False,1.0,1.0,86,0.984704852104187,0.9757151007652283
mnist,ResNet8GN_w16_g8,5,False,True,1,200,False,1.0,1.0,87,0.9840468168258667,0.9506748914718628
mnist,ResNet8GN_w16_g8,5,False,True,1,200,False,1.0,1.0,88,0.985094428062439,0.9885656833648682
mnist,ResNet8GN_w16_g8,5,False,True,1,200,False,1.0,1.0,89,0.9846799969673157,0.9979162216186523
mnist,ResNet8GN_w16_g8,5,False,True,1,200,False,1.0,1.0,90,0.9844264984130859,0.9961515665054321
mnist,ResNet8GN_w16_g8,5,False,True,1,200,False,1.0,1.0,91,0.9856690168380737,0.9943432211875916
mnist,ResNet8GN_w16_g8,5,False,True,1,200,False,1.0,1.0,92,0.9833794832229614,0.9972766041755676
mnist,ResNet8GN_w16_g8,5,False,True,1,200,False,1.0,1.0,93,0.9846915006637573,0.9937475919723511
mnist,ResNet8GN_w16_g8,5,False,True,1,200,False,1.0,1.0,94,0.9843074083328247,0.9950932860374451
mnist,ResNet8GN_w16_g8,5,False,True,1,200,False,1.0,1.0,95,0.9831880331039429,0.998248815536499
mnist,ResNet8GN_w16_g8,5,False,True,1,200,False,1.0,1.0,96,0.9847095012664795,0.9503503441810608
mnist,ResNet8GN_w16_g8,5,False,True,1,200,False,1.0,1.0,97,0.9854651093482971,0.9971771240234375
mnist,ResNet8GN_w16_g8,5,False,True,1,200,False,1.0,1.0,98,0.9853995442390442,0.9845568537712097
mnist,ResNet8GN_w16_g8,5,False,True,1,200,False,1.0,1.0,99,0.9846521615982056,0.997864842414856
mnist,ResNet8GN_w16_g8,5,False,True,1,200,False,1.0,1.0,100,0.9848754405975342,0.9987483620643616
mnist,ResNet8GN_w16_g8,5,False,True,1,200,False,1.0,1.0,101,0.9856367111206055,0.9936610460281372
mnist,ResNet8GN_w16_g8,5,False,True,1,200,False,1.0,1.0,102,0.9857720136642456,0.998477041721344
mnist,ResNet8GN_w16_g8,5,False,True,1,200,False,1.0,1.0,103,0.9855918884277344,0.9899752736091614
mnist,ResNet8GN_w16_g8,5,False,True,1,200,False,1.0,1.0,104,0.9838875532150269,0.9991188645362854
mnist,ResNet8GN_w16_g8,5,False,True,1,200,False,1.0,1.0,105,0.9850879907608032,0.9965757131576538
mnist,ResNet8GN_w16_g8,5,False,True,1,200,False,1.0,1.0,106,0.986703634262085,0.9992029070854187
mnist,ResNet8GN_w16_g8,5,False,True,1,200,False,1.0,1.0,107,0.9855972528457642,0.9980162382125854
mnist,ResNet8GN_w16_g8,5,False,True,1,200,False,1.0,1.0,108,0.9822403192520142,0.9988160729408264
mnist,ResNet8GN_w16_g8,5,False,True,1,200,False,1.0,1.0,109,0.9846007823944092,0.9984365105628967
mnist,ResNet8GN_w16_g8,5,False,True,1,200,False,1.0,1.0,110,0.9857273101806641,0.9986713528633118
mnist,ResNet8GN_w16_g8,5,False,True,1,200,False,1.0,1.0,111,0.9863812327384949,0.9990316033363342
mnist,ResNet8GN_w16_g8,5,False,True,1,200,False,1.0,1.0,112,0.9840652346611023,0.997290849685669
mnist,ResNet8GN_w16_g8,5,False,True,1,200,False,1.0,1.0,113,0.9839181900024414,0.9987717270851135
mnist,ResNet8GN_w16_g8,5,False,True,1,200,False,1.0,1.0,114,0.9833224415779114,0.995413601398468
mnist,ResNet8GN_w16_g8,5,False,True,1,200,False,1.0,1.0,115,0.9862825274467468,0.9987100958824158
mnist,ResNet8GN_w16_g8,5,False,True,1,200,False,1.0,1.0,116,0.9854494333267212,0.9984257817268372
mnist,ResNet8GN_w16_g8,5,False,True,1,200,False,1.0,1.0,117,0.9844256639480591,0.9652189016342163
mnist,ResNet8GN_w16_g8,5,False,True,1,200,False,1.0,1.0,118,0.9827247858047485,0.9987123012542725
mnist,ResNet8GN_w16_g8,5,False,True,1,200,False,1.0,1.0,119,0.9832845330238342,0.9940101504325867
mnist,ResNet8GN_w16_g8,5,False,True,1,200,False,1.0,1.0,120,0.985136091709137,0.9970770478248596
mnist,ResNet8GN_w16_g8,5,False,True,1,200,False,1.0,1.0,121,0.9853559732437134,0.9980711340904236
mnist,ResNet8GN_w16_g8,5,False,True,1,200,False,1.0,1.0,122,0.9855893850326538,0.9971802830696106
mnist,ResNet8GN_w16_g8,5,False,True,1,200,False,1.0,1.0,123,0.9838298559188843,0.9966188669204712
mnist,ResNet8GN_w16_g8,5,False,True,1,200,False,1.0,1.0,124,0.9835844039916992,0.9984951019287109
mnist,ResNet8GN_w16_g8,5,False,True,1,200,False,1.0,1.0,125,0.9843000769615173,0.9955071806907654
mnist,ResNet8GN_w16_g8,5,False,True,1,200,False,1.0,1.0,126,0.9831268787384033,0.9977455735206604
mnist,ResNet8GN_w16_g8,5,False,True,1,200,False,1.0,1.0,127,0.984597384929657,0.9838687181472778
mnist,ResNet8GN_w16_g8,5,False,True,1,200,False,1.0,1.0,128,0.9840129613876343,0.995924711227417
mnist,ResNet8GN_w16_g8,5,False,True,1,200,False,1.0,1.0,129,0.9837521314620972,0.9961673617362976
mnist,ResNet8GN_w16_g8,5,False,True,1,200,False,1.0,1.0,130,0.9850232601165771,0.9899420142173767
mnist,ResNet8GN_w16_g8,5,False,True,1,200,False,1.0,1.0,131,0.9853348135948181,0.9965553283691406
mnist,ResNet8GN_w16_g8,5,False,True,1,200,False,1.0,1.0,132,0.9855625629425049,0.9973666667938232
mnist,ResNet8GN_w16_g8,5,False,True,1,200,False,1.0,1.0,133,0.9824119806289673,0.9978771805763245
mnist,ResNet8GN_w16_g8,5,False,True,1,200,False,1.0,1.0,134,0.9832859039306641,0.9972007870674133
mnist,ResNet8GN_w16_g8,5,False,True,1,200,False,1.0,1.0,135,0.9851595163345337,0.9962813854217529
mnist,ResNet8GN_w16_g8,5,False,True,1,200,False,1.0,1.0,136,0.9862106442451477,0.9988704919815063
mnist,ResNet8GN_w16_g8,5,False,True,1,200,False,1.0,1.0,137,0.9834804534912109,0.9920937418937683
mnist,ResNet8GN_w16_g8,5,False,True,1,200,False,1.0,1.0,138,0.9833393692970276,0.998589813709259
mnist,ResNet8GN_w16_g8,5,False,True,1,200,False,1.0,1.0,139,0.9848960041999817,0.9967166185379028
mnist,ResNet8GN_w16_g8,5,False,True,1,200,False,1.0,1.0,140,0.9841628074645996,0.9975424408912659
mnist,ResNet8GN_w16_g8,5,False,True,1,200,False,1.0,1.0,141,0.9845964908599854,0.9972395896911621
mnist,ResNet8GN_w16_g8,5,False,True,1,200,False,1.0,1.0,142,0.9833495616912842,0.9930242300033569
mnist,ResNet8GN_w16_g8,5,False,True,1,200,False,1.0,1.0,143,0.9820969700813293,0.9979640245437622
mnist,ResNet8GN_w16_g8,5,False,True,1,200,False,1.0,1.0,144,0.9830622673034668,0.9948962926864624
mnist,ResNet8GN_w16_g8,5,False,True,1,200,False,1.0,1.0,145,0.9841426610946655,0.9934027194976807
mnist,ResNet8GN_w16_g8,5,False,True,1,200,False,1.0,1.0,146,0.9844703674316406,0.9976171255111694
mnist,ResNet8GN_w16_g8,5,False,True,1,200,False,1.0,1.0,147,0.9846189022064209,0.998492419719696
mnist,ResNet8GN_w16_g8,5,False,True,1,200,False,1.0,1.0,148,0.9831310510635376,0.9967958331108093
mnist,ResNet8GN_w16_g8,5,False,True,1,200,False,1.0,1.0,149,0.9826353788375854,0.9988275766372681
mnist,ResNet8GN_w16_g8,5,False,True,1,200,False,1.0,1.0,150,0.9845016598701477,0.997491717338562
mnist,ResNet8GN_w16_g8,5,False,True,1,200,False,1.0,1.0,151,0.9837615489959717,0.9988276958465576
mnist,ResNet8GN_w16_g8,5,False,True,1,200,False,1.0,1.0,152,0.9819830060005188,0.9958813786506653
mnist,ResNet8GN_w16_g8,5,False,True,1,200,False,1.0,1.0,153,0.9794064164161682,0.9980705976486206
mnist,ResNet8GN_w16_g8,5,False,True,1,200,False,1.0,1.0,154,0.9825307130813599,0.9987164735794067
mnist,ResNet8GN_w16_g8,5,False,True,1,200,False,1.0,1.0,155,0.9841285347938538,0.9986357688903809
mnist,ResNet8GN_w16_g8,5,False,True,1,200,False,1.0,1.0,156,0.9850271940231323,0.9975457191467285
mnist,ResNet8GN_w16_g8,5,False,True,1,200,False,1.0,1.0,157,0.986954927444458,0.998910665512085
mnist,ResNet8GN_w16_g8,5,False,True,1,200,False,1.0,1.0,158,0.9828548431396484,0.9946337938308716
mnist,ResNet8GN_w16_g8,5,False,True,1,200,False,1.0,1.0,159,0.9815309047698975,0.9991253018379211
mnist,ResNet8GN_w16_g8,5,False,True,1,200,False,1.0,1.0,160,0.981823742389679,0.995878279209137
mnist,ResNet8GN_w16_g8,5,False,True,1,200,False,1.0,1.0,161,0.9828662872314453,0.9988999962806702
mnist,ResNet8GN_w16_g8,5,False,True,1,200,False,1.0,1.0,162,0.9829551577568054,0.9991540908813477
mnist,ResNet8GN_w16_g8,5,False,True,1,200,False,1.0,1.0,163,0.9800142049789429,0.9986090064048767
mnist,ResNet8GN_w16_g8,5,False,True,1,200,False,1.0,1.0,164,0.9776347875595093,0.9985480308532715
mnist,ResNet8GN_w16_g8,5,False,True,1,200,False,1.0,1.0,165,0.980536699295044,0.9983415603637695
mnist,ResNet8GN_w16_g8,5,False,True,1,200,False,1.0,1.0,166,0.9822945594787598,0.9982202649116516
mnist,ResNet8GN_w16_g8,5,False,True,1,200,False,1.0,1.0,167,0.983733057975769,0.9989603161811829
mnist,ResNet8GN_w16_g8,5,False,True,1,200,False,1.0,1.0,168,0.981170654296875,0.9852310419082642
mnist,ResNet8GN_w16_g8,5,False,True,1,200,False,1.0,1.0,169,0.9822800755500793,0.9985127449035645
mnist,ResNet8GN_w16_g8,5,False,True,1,200,False,1.0,1.0,170,0.9820466041564941,0.9985973238945007
mnist,ResNet8GN_w16_g8,5,False,True,1,200,False,1.0,1.0,171,0.9828473329544067,0.995613694190979
mnist,ResNet8GN_w16_g8,5,False,True,1,200,False,1.0,1.0,172,0.9841678142547607,0.999159038066864
mnist,ResNet8GN_w16_g8,5,False,True,1,200,False,1.0,1.0,173,0.9829216599464417,0.9936085343360901
mnist,ResNet8GN_w16_g8,5,False,True,1,200,False,1.0,1.0,174,0.9813549518585205,0.9980937838554382
mnist,ResNet8GN_w16_g8,5,False,True,1,200,False,1.0,1.0,175,0.9821821451187134,0.998779296875
mnist,ResNet8GN_w16_g8,5,False,True,1,200,False,1.0,1.0,176,0.9819162487983704,0.9878592491149902
mnist,ResNet8GN_w16_g8,5,False,True,1,200,False,1.0,1.0,177,0.9822067022323608,0.9989705681800842
mnist,ResNet8GN_w16_g8,5,False,True,1,200,False,1.0,1.0,178,0.9803310036659241,0.9977805018424988
mnist,ResNet8GN_w16_g8,5,False,True,1,200,False,1.0,1.0,179,0.9776480197906494,0.997706413269043
mnist,ResNet8GN_w16_g8,5,False,True,1,200,False,1.0,1.0,180,0.9790115356445312,0.9984725117683411
mnist,ResNet8GN_w16_g8,5,False,True,1,200,False,1.0,1.0,181,0.9794356822967529,0.995460569858551
mnist,ResNet8GN_w16_g8,5,False,True,1,200,False,1.0,1.0,182,0.981999397277832,0.9982717633247375
mnist,ResNet8GN_w16_g8,5,False,True,1,200,False,1.0,1.0,183,0.9822460412979126,0.9982889294624329
mnist,ResNet8GN_w16_g8,5,False,True,1,200,False,1.0,1.0,184,0.9818101525306702,0.9924086332321167
mnist,ResNet8GN_w16_g8,5,False,True,1,200,False,1.0,1.0,185,0.9815395474433899,0.9962902665138245
mnist,ResNet8GN_w16_g8,5,False,True,1,200,False,1.0,1.0,186,0.9824532270431519,0.9981959462165833
mnist,ResNet8GN_w16_g8,5,False,True,1,200,False,1.0,1.0,187,0.98237144947052,0.992428719997406
mnist,ResNet8GN_w16_g8,5,False,True,1,200,False,1.0,1.0,188,0.9817573428153992,0.9981769919395447
mnist,ResNet8GN_w16_g8,5,False,True,1,200,False,1.0,1.0,189,0.9813498258590698,0.9987605810165405
mnist,ResNet8GN_w16_g8,5,False,True,1,200,False,1.0,1.0,190,0.9774761199951172,0.995566725730896
mnist,ResNet8GN_w16_g8,5,False,True,1,200,False,1.0,1.0,191,0.9778091907501221,0.9982735514640808
mnist,ResNet8GN_w16_g8,5,False,True,1,200,False,1.0,1.0,192,0.9776978492736816,0.9953170418739319
mnist,ResNet8GN_w16_g8,5,False,True,1,200,False,1.0,1.0,193,0.9818532466888428,0.9949468374252319
mnist,ResNet8GN_w16_g8,5,False,True,1,200,False,1.0,1.0,194,0.9820683598518372,0.9981732368469238
mnist,ResNet8GN_w16_g8,5,False,True,1,200,False,1.0,1.0,195,0.9818481802940369,0.9927316308021545
mnist,ResNet8GN_w16_g8,5,False,True,1,200,False,1.0,1.0,196,0.9818558096885681,0.9871622920036316
mnist,ResNet8GN_w16_g8,5,False,True,1,200,False,1.0,1.0,197,0.9822992086410522,0.9944161772727966
mnist,ResNet8GN_w16_g8,5,False,True,1,200,False,1.0,1.0,198,0.9803630113601685,0.997570276260376
mnist,ResNet8GN_w16_g8,5,False,True,1,200,False,1.0,1.0,199,0.9796368479728699,0.9914037585258484
mnist,ResNet8GN_w16_g8,5,False,True,1,200,False,1.0,1.0,200,0.9783432483673096,0.997394859790802
mnist,ResNet8GN_w16_g8,5,False,True,1,200,False,1.0,1.0,201,0.9790739417076111,0.9983936548233032
mnist,ResNet8GN_w16_g8,5,False,True,1,200,False,1.0,1.0,202,0.979343831539154,0.9950689077377319
mnist,ResNet8GN_w16_g8,5,False,True,1,200,False,1.0,1.0,203,0.9805934429168701,0.9989914894104004
mnist,ResNet8GN_w16_g8,5,False,True,1,200,False,1.0,1.0,204,0.9803189635276794,0.9959564805030823
mnist,ResNet8GN_w16_g8,5,False,True,1,200,False,1.0,1.0,205,0.9834449887275696,0.9990029335021973
mnist,ResNet8GN_w16_g8,5,False,True,1,200,False,1.0,1.0,206,0.982764482498169,0.9970818758010864
mnist,ResNet8GN_w16_g8,5,False,True,1,200,False,1.0,1.0,207,0.9806376695632935,0.9939708113670349
mnist,ResNet8GN_w16_g8,5,False,True,1,200,False,1.0,1.0,208,0.9794610738754272,0.9984109401702881
mnist,ResNet8GN_w16_g8,5,False,True,1,200,False,1.0,1.0,209,0.9792725443840027,0.9975562691688538
mnist,ResNet8GN_w16_g8,5,False,True,1,200,False,1.0,1.0,210,0.9801580905914307,0.9956628084182739
mnist,ResNet8GN_w16_g8,5,False,True,1,200,False,1.0,1.0,211,0.9799582362174988,0.9978780746459961
mnist,ResNet8GN_w16_g8,5,False,True,1,200,False,1.0,1.0,212,0.9801266193389893,0.9981014728546143
mnist,ResNet8GN_w16_g8,5,False,True,1,200,False,1.0,1.0,213,0.9789788126945496,0.998498260974884
mnist,ResNet8GN_w16_g8,5,False,True,1,200,False,1.0,1.0,214,0.9793143272399902,0.9987936615943909
mnist,ResNet8GN_w16_g8,5,False,True,1,200,False,1.0,1.0,215,0.978725016117096,0.9970547556877136
mnist,ResNet8GN_w16_g8,5,False,True,1,200,False,1.0,1.0,216,0.9825165271759033,0.9967470169067383
mnist,ResNet8GN_w16_g8,5,False,True,1,200,False,1.0,1.0,217,0.9809880256652832,0.997623085975647
mnist,ResNet8GN_w16_g8,5,False,True,1,200,False,1.0,1.0,218,0.9798749685287476,0.9852486848831177
mnist,ResNet8GN_w16_g8,5,False,True,1,200,False,1.0,1.0,219,0.9802669286727905,0.9956545829772949
mnist,ResNet8GN_w16_g8,5,False,True,1,200,False,1.0,1.0,220,0.9808088541030884,0.9897581338882446
mnist,ResNet8GN_w16_g8,5,False,True,1,200,False,1.0,1.0,221,0.9784674048423767,0.994189441204071
mnist,ResNet8GN_w16_g8,5,False,True,1,200,False,1.0,1.0,222,0.9767030477523804,0.9860110282897949
mnist,ResNet8GN_w16_g8,5,False,True,1,200,False,1.0,1.0,223,0.9803436994552612,0.9931243658065796
mnist,ResNet8GN_w16_g8,5,False,True,1,200,False,1.0,1.0,224,0.9799658060073853,0.9970354437828064
mnist,ResNet8GN_w16_g8,5,False,True,1,200,False,1.0,1.0,225,0.9795913696289062,0.9925876259803772
mnist,ResNet8GN_w16_g8,5,False,True,1,200,False,1.0,1.0,226,0.9788935780525208,0.9973124265670776
mnist,ResNet8GN_w16_g8,5,False,True,1,200,False,1.0,1.0,227,0.9779881238937378,0.9901764392852783
mnist,ResNet8GN_w16_g8,5,False,True,1,200,False,1.0,1.0,228,0.9800031781196594,0.9979686141014099
mnist,ResNet8GN_w16_g8,5,False,True,1,200,False,1.0,1.0,229,0.9793656468391418,0.9940022230148315
mnist,ResNet8GN_w16_g8,5,False,True,1,200,False,1.0,1.0,230,0.9816884398460388,0.9971755146980286
mnist,ResNet8GN_w16_g8,5,False,True,1,200,False,1.0,1.0,231,0.9803718328475952,0.9983615279197693
mnist,ResNet8GN_w16_g8,5,False,True,1,200,False,1.0,1.0,232,0.9784419536590576,0.9946407675743103
mnist,ResNet8GN_w16_g8,5,False,True,1,200,False,1.0,1.0,233,0.97805255651474,0.9949204921722412
mnist,ResNet8GN_w16_g8,5,False,True,1,200,False,1.0,1.0,234,0.9758514761924744,0.9973748922348022
mnist,ResNet8GN_w16_g8,5,False,True,1,200,False,1.0,1.0,235,0.9801961779594421,0.9879279732704163
mnist,ResNet8GN_w16_g8,5,False,True,1,200,False,1.0,1.0,236,0.9773502349853516,0.9943937659263611
mnist,ResNet8GN_w16_g8,5,False,True,1,200,False,1.0,1.0,237,0.9780762195587158,0.9965721368789673
mnist,ResNet8GN_w16_g8,5,False,True,1,200,False,1.0,1.0,238,0.9767779111862183,0.9936280250549316
mnist,ResNet8GN_w16_g8,5,False,True,1,200,False,1.0,1.0,239,0.9794886112213135,0.99809330701828
mnist,ResNet8GN_w16_g8,5,False,True,1,200,False,1.0,1.0,240,0.9779698252677917,0.996588408946991
mnist,ResNet8GN_w16_g8,5,False,True,1,200,False,1.0,1.0,241,0.9785682559013367,0.9976277351379395
mnist,ResNet8GN_w16_g8,5,False,True,1,200,False,1.0,1.0,242,0.9791515469551086,0.9918603301048279
mnist,ResNet8GN_w16_g8,5,False,True,1,200,False,1.0,1.0,243,0.9802327156066895,0.9977307319641113
mnist,ResNet8GN_w16_g8,5,False,True,1,200,False,1.0,1.0,244,0.9792173504829407,0.995689868927002
mnist,ResNet8GN_w16_g8,5,False,True,1,200,False,1.0,1.0,245,0.9807193279266357,0.997846245765686
mnist,ResNet8GN_w16_g8,5,False,True,1,200,False,1.0,1.0,246,0.9797558784484863,0.9980723857879639
mnist,ResNet8GN_w16_g8,5,False,True,1,200,False,1.0,1.0,247,0.9812331795692444,0.9981672763824463
mnist,ResNet8GN_w16_g8,5,False,True,1,200,False,1.0,1.0,248,0.9779006242752075,0.9979026317596436
